{
  "H_table": 0.74295,
  "L_table": 2.3368,
  "ball_diameter": 0.05715,
  "gravity": 9.8,
  "initialPosition": [
    0,
    0.98295,
    1.0042
  ],
  "pointLight": null,
  "pyserver": true,
  "skybox": true,
  "textGeomLogger": true,
  "toolOptions": {
    "tipShape": "Cylinder",
    "toolOffset": [
      -0.1919676216497052,
      -0.5488856914869163,
      -0.46457326775080254
    ],
    "toolRotation": 0.005793788863641349
  },
  "useBasicMaterials": true,
  "useShadowMap": false,
  "useWebVRBoilerplate": false
}