{
  "H_table": 0.74295,
  "L_table": 2.3368,
  "ball_diameter": 0.05715,
  "cubeMap": true,
  "disableLocalStorage": false,
  "gravity": 9.8,
  "initialPosition": [
    0,
    0.98295,
    1.0042
  ],
  "pointLight": null,
  "pyserver": true,
  "shadowMap": null,
  "tipShape": "Cylinder",
  "toolOffset": [
    -0.21828871548438455,
    -0.4452017508042664,
    -0.5409228274112684
  ],
  "toolRotation": 0.2088639528002434,
  "useBasicMaterials": true
}