{
  "H_table": 0.74295,
  "L_table": 2.3368,
  "ball_diameter": 0.05715,
  "gravity": 9.8,
  "initialPosition": [
    0,
    0.98295,
    1.0042
  ],
  "pointLight": null,
  "pyserver": true,
  "skybox": true,
  "toolOptions": {
    "tipShape": "Cylinder",
    "toolOffset": [
      -0.1466600062661825,
      -0.5270266134264965,
      -0.5362493488593195
    ],
    "toolRotation": 0.191269221897682
  },
  "useBasicMaterials": true,
  "useShadowMap": false
}